ID,NOME,CATEGORIA,SUB-CATEGORIA,SISTEMA,FISICO,SITUAÇÃO,DATA,MOTIVO,COMO FOI RESOLVIDO
<index>1109,Flex antena Wi-Fi - iPad 2,ManutenÃ§Ã£o Wi-Fi,iPad 2,"0,00",2,2.0,OK,2025-08-27,,,
1405,Camera Frontal - iPad 2,ManutenÃ§Ã£o CÃ¢mera,iPad 2,"150,00",3,3.0,OK,2025-08-27,,,
24447,Flex do Conector de Carga para iPad 2,ManutenÃ§Ã£o Conector,iPad 2,"300,00",2,2.0,OK,2025-08-27,,,
23918,Vidro e touchscreen com LCD iPhone XS Max - Preto,ManutenÃ§Ã£o LCD/ Touch,M. iPhone XS Max,"800,00",1,1.0,OK,2025-08-27,,,
3056,Flex antena Wi-Fi - iPad 3/4,ManutenÃ§Ã£o Wi-Fi,iPad 3,"200,00",1,1.0,OK,2025-08-27,,,
24160,Alto-falante (Caixa de som) para iPad 3,ManutenÃ§Ã£o Speaker,iPad 3,"500,00",1,1.0,OK,2025-08-27,,,
4028,Flex Power e Volume iPad Air,ManutenÃ§Ã£o Vibra / Volume / Power,iPad Air,"300,00",2,,Divergente,2025-08-27,nÃ£o encontrei,,
20875,Flex cÃ¢mera traseira - iPad Air/Mini/Mini 2/Mini 3,ManutenÃ§Ã£o CÃ¢mera,iPad Air,"200,00",2,2.0,OK,2025-08-27,,,
25860,Flex conector de carga - iPad Mini 5 Branco,ManutenÃ§Ã£o Conector,iPad Mini 5,"400,00",1,1.0,OK,2025-08-27,,,
23922,Tampa de vidro com lente traseira para iPhone 11 Roxo,ManutenÃ§Ã£o CarcaÃ§a/Vidro Traseiro,M. iPhone 11,"400,00",2,2.0,OK,2025-08-27,,,
25442,Conector de Carga iPhone 11 Pro - Branco,ManutenÃ§Ã£o Conector,M. iPhone 11 Pro,"400,00",2,2.0,OK,2025-08-27,"Codigo 10406493 - esta com codigo de produto errado , o correto Ã© Pro max",,
23917,Flex de Conector de Carga para iPhone 11 - Branco,ManutenÃ§Ã£o Conector,M. iPhone 11,"400,00",2,2.0,OK,2025-08-27,,,
23919,Flex de Conector de Carga para iPhone 11 - Preto,ManutenÃ§Ã£o Conector,M. iPhone 11,"400,00",1,1.0,OK,2025-08-27,,,
23921,CÃ¢mera Frontal para iPhone 11,ManutenÃ§Ã£o CÃ¢mera,M. iPhone 11,"400,00",1,1.0,OK,2025-08-27,,,
24806,Lente de Vidro da CÃ¢mera iPhone 11 - P,ManutenÃ§Ã£o CÃ¢mera,M. iPhone 11,"250,00",2,2.0,OK,2025-08-27,,,
24808,Lente de Vidro da CÃ¢mera iPhone 11 - G,ManutenÃ§Ã£o CÃ¢mera,M. iPhone 11,"250,00",2,2.0,OK,2025-08-27,,,
25229,Flex sensor/ alto falante - iPhone 11,ManutenÃ§Ã£o Flex do Sensor,M. iPhone 11,"400,00",1,,Divergente,2025-08-27,nÃ£o encontrei,,
25415,Flex Volume - iPhone 11,ManutenÃ§Ã£o Vibra / Volume / Power,M. iPhone 11,"400,00",2,2.0,OK,2025-08-27,,,
23286,Bateria de iPhone XS Max,ManutenÃ§Ã£o Bateria,M. iPhone XS Max,"500,00",1,1.0,OK,2025-08-27,,,
23903,CÃ¢mera Traseira para iPhone 11 Pro,ManutenÃ§Ã£o CÃ¢mera,M. iPhone 11 Pro,"500,00",1,1.0,OK,2025-08-27,,,
24809,Lente de Vidro da CÃ¢mera iPhone 11 Pro - P,ManutenÃ§Ã£o CÃ¢mera,M. iPhone 11 Pro,"250,00",1,0.0,Divergente,2025-08-27,nÃ£o encontrei,,
24811,Lente de Vidro da CÃ¢mera iPhone 11 Pro - G,ManutenÃ§Ã£o CÃ¢mera,M. iPhone 11 Pro,"250,00",2,2.0,OK,2025-08-27,,,
26945,Bateria de iPhone XS Max - Sem Flex,ManutenÃ§Ã£o Bateria,M. iPhone XS Max,"500,00",1,1.0,OK,2025-08-27,,,
25238,Flex sensor/ alto falante - iPhone 11 Pro,ManutenÃ§Ã£o Flex do Sensor,M. iPhone 11 Pro,"400,00",1,1.0,OK,2025-08-27,,,
23923,Tampa de vidro com lente traseira para iPhone 11 Vermelho,ManutenÃ§Ã£o CarcaÃ§a/Vidro Traseiro,M. iPhone 11,"400,00",2,2.0,OK,2025-08-27,,,
23925,Tampa de vidro com lente traseira para iPhone 11 Amarelo,ManutenÃ§Ã£o CarcaÃ§a/Vidro Traseiro,M. iPhone 11,"400,00",1,1.0,OK,2025-08-27,,,
23928,Tampa de vidro com lente traseira para iPhone 11 Branco,ManutenÃ§Ã£o CarcaÃ§a/Vidro Traseiro,M. iPhone 11,"400,00",2,2.0,OK,2025-08-27,,,
23284,Bateria de iPhone XS,ManutenÃ§Ã£o Bateria,M. iPhone XS,"450,00",3,3.0,OK,2025-08-27,,,
25443,Conector de Carga iPhone 11 Pro - Dourado,ManutenÃ§Ã£o Conector,M. iPhone 11 Pro,"400,00",1,1.0,OK,2025-08-27,,,
23929,Tampa de vidro com lente traseira para iPhone 11 Preto,ManutenÃ§Ã£o CarcaÃ§a/Vidro Traseiro,M. iPhone 11,"400,00",1,1.0,OK,2025-08-27,,,
24877,Aro com carcaÃ§a metalica para iPhone 11 Preto,ManutenÃ§Ã£o CarcaÃ§a/Vidro Traseiro,M. iPhone 11,"500,00",1,1.0,OK,2025-08-27,,,
23911,Tampa de vidro com lente traseira para iPhone 11 Pro Dourado,ManutenÃ§Ã£o CarcaÃ§a/Vidro Traseiro,M. iPhone 11 Pro,"500,00",2,2.0,OK,2025-08-27,,,
24154,Vidro da cÃ¢mera traseira para iPhone 11 Pro Max Branco,ManutenÃ§Ã£o CÃ¢mera,M. iPhone 11 Pro Max,"0,00",1,,Divergente,2025-08-27,nÃ£o encontrei,,
24812,Lente de Vidro da CÃ¢mera iPhone 11 Pro Max - P,ManutenÃ§Ã£o CÃ¢mera,M. iPhone 11 Pro Max,"250,00",1,1.0,OK,2025-08-27,,,
24814,Lente de Vidro da CÃ¢mera iPhone 11 Pro Max - G,ManutenÃ§Ã£o CÃ¢mera,M. iPhone 11 Pro Max,"250,00",2,2.0,OK,2025-08-27,,,
25371,Flex Sensor / Alto falante - iPhone 11 Pro Max,ManutenÃ§Ã£o Flex do Sensor,M. iPhone 11 Pro Max,"400,00",1,1.0,OK,2025-08-27,,,
26944,Bateria de iPhone XS - Sem Flex,ManutenÃ§Ã£o Bateria,M. iPhone XS,"450,00",1,1.0,OK,2025-08-27,,,
25416,Conector de Carga iPhone 11 Pro Max - Dourado,ManutenÃ§Ã£o Conector,M. iPhone 11 Pro Max,"400,00",1,1.0,OK,2025-08-27,,,
23912,Tampa de vidro com lente traseira para iPhone 11 Pro Verde,ManutenÃ§Ã£o CarcaÃ§a/Vidro Traseiro,M. iPhone 11 Pro,"500,00",2,2.0,OK,2025-08-27,,,
23914,Tampa de vidro com lente traseira para iPhone 11 Pro Branco,ManutenÃ§Ã£o CarcaÃ§a/Vidro Traseiro,M. iPhone 11 Pro,"500,00",1,1.0,OK,2025-08-27,,,
25420,Speaker - iPhone 11 Pro Max,ManutenÃ§Ã£o Speaker,M. iPhone 11 Pro Max,"400,00",1,1.0,OK,2025-08-27,,,
25451,CÃ¢mera Traseira - iPhone 11 Pro Max,ManutenÃ§Ã£o CÃ¢mera,M. iPhone 11 Pro Max,"500,00",2,2.0,OK,2025-08-27,,,
24596,CÃ¢mera Frontal para iPhone 12,ManutenÃ§Ã£o CÃ¢mera,M. iPhone 12,"600,00",1,1.0,OK,2025-08-27,,,
25178,Lente de Vidro da CÃ¢mera para iPhone 12 - G,ManutenÃ§Ã£o CÃ¢mera,M. iPhone 12,"250,00",2,2.0,OK,2025-08-27,,,
25228,Lente de Vidro da CÃ¢mera para iPhone 12 - P,ManutenÃ§Ã£o CÃ¢mera,M. iPhone 12,"250,00",2,2.0,OK,2025-08-27,,,
25440,Flex Sensor / Alto falante - iPhone 12,ManutenÃ§Ã£o Flex do Sensor,M. iPhone 12,"500,00",1,1.0,OK,2025-08-27,,,
25808,Flex de conector de carga para iPhone 12  - Preto,ManutenÃ§Ã£o Conector,M. iPhone 12,"500,00",1,1.0,OK,2025-08-27,,,
25810,Flex de conector de carga para iPhone 12  - Branco,ManutenÃ§Ã£o Conector,M. iPhone 12,"500,00",2,2.0,OK,2025-08-27,,,
23285,Bateria de iPhone XR,ManutenÃ§Ã£o Bateria,M. iPhone XR,"450,00",1,1.0,OK,2025-08-27,,,
25812,Flex de conector de carga para iPhone 12  - Vermelho,ManutenÃ§Ã£o Conector,M. iPhone 12,"500,00",1,1.0,OK,2025-08-27,,,
26946,Bateria de iPhone XR - Sem Flex,ManutenÃ§Ã£o Bateria,M. iPhone XR,"450,00",2,2.0,OK,2025-08-27,,,
22756,Bateria de iPhone X,ManutenÃ§Ã£o Bateria,M. iPhone X,"400,00",3,3.0,OK,2025-08-27,,,
25815,Flex volume / power / vibra / induÃ§Ã£o - iPhone 12,ManutenÃ§Ã£o Vibra / Volume / Power,M. iPhone 12,"500,00",1,1.0,OK,2025-08-27,,,
23916,Tampa de vidro com lente traseira para iPhone 11 Pro Preto,ManutenÃ§Ã£o CarcaÃ§a/Vidro Traseiro,M. iPhone 11 Pro,"500,00",1,1.0,OK,2025-08-27,,,
23898,Tampa de vidro com lente traseira para iPhone 11 Pro Max Dourado,ManutenÃ§Ã£o CarcaÃ§a/Vidro Traseiro,M. iPhone 11 Pro Max,"600,00",1,1.0,OK,2025-08-27,,,
23899,Tampa de vidro com lente traseira para iPhone 11 Pro Max Verde,ManutenÃ§Ã£o CarcaÃ§a/Vidro Traseiro,M. iPhone 11 Pro Max,"600,00",1,1.0,OK,2025-08-27,,,
25444,Conector de Carga iPhone 12 Mini - Preto,ManutenÃ§Ã£o Conector,M. iPhone 12 Mini,"400,00",2,2.0,OK,2025-08-27,,,
25447,Conector de Carga iPhone 12 Mini - Branco,ManutenÃ§Ã£o Conector,M. iPhone 12 Mini,"400,00",1,1.0,OK,2025-08-27,,,
25265,Lente de Vidro da CÃ¢mera para iPhone 12 Pro - P,ManutenÃ§Ã£o CÃ¢mera,M. iPhone 12 Pro,"250,00",1,1.0,OK,2025-08-27,,,
25428,Flex Sensor/Alto falante - iPhone 12 Pro,ManutenÃ§Ã£o Flex do Sensor,M. iPhone 12 Pro,"500,00",2,2.0,OK,2025-08-27,,,
23900,Tampa de vidro com lente traseira para iPhone 11 Pro Max Branco,ManutenÃ§Ã£o CarcaÃ§a/Vidro Traseiro,M. iPhone 11 Pro Max,"600,00",1,1.0,OK,2025-08-27,,,
23901,Tampa de vidro com lente traseira para iPhone 11 Pro Max Preto,ManutenÃ§Ã£o CarcaÃ§a/Vidro Traseiro,M. iPhone 11 Pro Max,"600,00",1,1.0,OK,2025-08-27,,,
24604,Tampa de vidro com lente traseira para iPhone 12 - Azul,ManutenÃ§Ã£o CarcaÃ§a/Vidro Traseiro,M. iPhone 12,"400,00",1,1.0,OK,2025-08-27,,,
24605,Tampa de vidro com lente traseira para iPhone 12 - Branco,ManutenÃ§Ã£o CarcaÃ§a/Vidro Traseiro,M. iPhone 12,"400,00",1,1.0,OK,2025-08-27,,,
24607,Tampa de vidro com lente traseira para iPhone 12 - Verde,ManutenÃ§Ã£o CarcaÃ§a/Vidro Traseiro,M. iPhone 12,"400,00",1,1.0,OK,2025-08-27,,,
25160,Bateria de iPhone SE 2,ManutenÃ§Ã£o Bateria,M. iPhone SE 2,"300,00",3,3.0,OK,2025-08-27,,,
21286,Bateria de iPhone 5SE,ManutenÃ§Ã£o Bateria,M. iPhone SE,"100,00",3,3.0,OK,2025-08-27,,,
21698,Bateria de iPhone 8 Plus,ManutenÃ§Ã£o Bateria,M. iPhone 8 Plus,"300,00",4,3.0,Divergente,2025-08-27,falta - 10411787,,
21696,Bateria de iPhone 8,ManutenÃ§Ã£o Bateria,M. iPhone 8,"250,00",2,2.0,OK,2025-08-27,,,
21296,Bateria de iPhone 7 Plus,ManutenÃ§Ã£o Bateria,M. iPhone 7 Plus,"250,00",2,2.0,OK,2025-08-27,,,
24608,Tampa de vidro com lente traseira para iPhone 12 - Vermelho,ManutenÃ§Ã£o CarcaÃ§a/Vidro Traseiro,M. iPhone 12,"400,00",1,1.0,OK,2025-08-27,,,
21295,Bateria de iPhone 7,ManutenÃ§Ã£o Bateria,M. iPhone 7,"250,00",2,2.0,OK,2025-08-27,,,
8157,Bateria de iPhone 6S Plus,ManutenÃ§Ã£o Bateria,M. iPhone 6S Plus,"200,00",3,3.0,OK,2025-08-27,,,
4380,Bateria de iPhone 6S,ManutenÃ§Ã£o Bateria,M. iPhone 6S,"180,00",3,3.0,OK,2025-08-27,,,
25248,Lente de Vidro da CÃ¢mera para iPhone 12 Pro Max - G,ManutenÃ§Ã£o CÃ¢mera,M. iPhone 12 Pro Max,"250,00",2,1.0,Divergente,2025-08-27,Falta - 5537227,,
25432,Conector de Carga iPhone 12 Pro Max - Preto,ManutenÃ§Ã£o Conector,M. iPhone 12 Pro Max,"500,00",1,1.0,OK,2025-08-27,,,
25433,Conector de Carga iPhone 12 Pro Max - Branco,ManutenÃ§Ã£o Conector,M. iPhone 12 Pro Max,"500,00",2,2.0,OK,2025-08-27,,,
25435,Flex Sensor/Alto falante - iPhone 12 Pro Max,ManutenÃ§Ã£o Flex do Sensor,M. iPhone 12 Pro Max,"500,00",2,2.0,OK,2025-08-27,,,
26093,Lente de Vidro da CÃ¢mera para iPhone 12 Pro Max - M,ManutenÃ§Ã£o CÃ¢mera,M. iPhone 12 Pro Max,"250,00",1,1.0,OK,2025-08-27,,,
25718,Lente de Vidro da CÃ¢mera para iPhone 13 - P,ManutenÃ§Ã£o CÃ¢mera,M. iPhone 13,"350,00",1,1.0,OK,2025-08-27,,,
25719,Lente de Vidro da CÃ¢mera para iPhone 13 - G,ManutenÃ§Ã£o CÃ¢mera,M. iPhone 13,"350,00",1,1.0,OK,2025-08-27,,,
26140,Flex sensor face ID - iPhone 13,ManutenÃ§Ã£o Flex do Sensor,M. iPhone 13,"500,00",2,2.0,OK,2025-08-27,,,
24631,Aro com carcaÃ§a metalica para iPhone 12 - Preto,ManutenÃ§Ã£o CarcaÃ§a/Vidro Traseiro,M. iPhone 12,"900,00",1,1.0,OK,2025-08-27,,,
25492,Conector de Carga iPhone 13 Pro - Branco,ManutenÃ§Ã£o Conector,M. iPhone 13 Pro,"500,00",2,2.0,OK,2025-08-27,,,
24632,Aro com carcaÃ§a metalica para iPhone 12 - Azul,ManutenÃ§Ã£o CarcaÃ§a/Vidro Traseiro,M. iPhone 12,"900,00",1,1.0,OK,2025-08-27,,,
4728,Bateria de iPhone 6 Plus,ManutenÃ§Ã£o Bateria,M. iPhone 6 Plus,"150,00",2,2.0,OK,2025-08-27,,,
25493,Conector de Carga iPhone 13 Pro - Preto,ManutenÃ§Ã£o Conector,M. iPhone 13 Pro,"500,00",2,2.0,OK,2025-08-27,,,
24609,Tampa de vidro com lente traseira para iPhone 12 Mini - Vermelho,ManutenÃ§Ã£o CarcaÃ§a/Vidro Traseiro,M. iPhone 12 Mini,"400,00",1,1.0,OK,2025-08-27,,,
25720,Lente de Vidro da CÃ¢mera para iPhone 13 Pro - G,ManutenÃ§Ã£o CÃ¢mera,M. iPhone 13 Pro,"350,00",1,1.0,OK,2025-08-27,,,
26139,Flex sensor face ID - iPhone 13 Pro,ManutenÃ§Ã£o Flex do Sensor,M. iPhone 13 Pro,"500,00",2,2.0,OK,2025-08-27,,,
4497,Bateria de iPhone 6,ManutenÃ§Ã£o Bateria,M. iPhone 6,"180,00",2,2.0,OK,2025-08-27,,,
27498,Bateria de iPhone 15 Pro Max,ManutenÃ§Ã£o Bateria,M. iPhone 15 Pro Max,"1.100,00",1,1.0,OK,2025-08-27,,,
27497,Bateria de iPhone 15 Pro,ManutenÃ§Ã£o Bateria,M. iPhone 15 Pro,"1.000,00",1,1.0,OK,2025-08-27,,,
23590,Vidro e touchscreen com LCD iPhone XS - Preto,ManutenÃ§Ã£o LCD/ Touch,M. iPhone XS,"600,00",2,2.0,OK,2025-08-27,,,
24110,Vidro e touchscreen com LCD iPhone XR - Preto,ManutenÃ§Ã£o LCD/ Touch,M. iPhone XR,"700,00",3,3.0,OK,2025-08-27,,,
23915,Vidro e touchscreen com LCD iPhone X - Preto,ManutenÃ§Ã£o LCD/ Touch,M. iPhone X,"600,00",3,3.0,OK,2025-08-27,,,
24102,Vidro e touchscreen com LCD iPhone SE - PretoÂ ,ManutenÃ§Ã£o LCD/ Touch,M. iPhone SE,"400,00",1,1.0,OK,2025-08-27,,,
24610,Tampa de vidro com lente traseira para iPhone 12 Mini - Verde,ManutenÃ§Ã£o CarcaÃ§a/Vidro Traseiro,M. iPhone 12 Mini,"400,00",1,1.0,OK,2025-08-27,,,
24611,Tampa de vidro com lente traseira para iPhone 12 Mini - Azul,ManutenÃ§Ã£o CarcaÃ§a/Vidro Traseiro,M. iPhone 12 Mini,"400,00",1,1.0,OK,2025-08-27,,,
24612,Tampa de vidro com lente traseira para iPhone 12 Mini - Preto,ManutenÃ§Ã£o CarcaÃ§a/Vidro Traseiro,M. iPhone 12 Mini,"400,00",1,1.0,OK,2025-08-27,,,
24613,Tampa de vidro com lente traseira para iPhone 12 Mini - Branco,ManutenÃ§Ã£o CarcaÃ§a/Vidro Traseiro,M. iPhone 12 Mini,"400,00",1,1.0,OK,2025-08-27,,,
25494,Conector de Carga iPhone 13 Pro Max - Branco,ManutenÃ§Ã£o Conector,M. iPhone 13 Pro Max,"500,00",2,2.0,OK,2025-08-27,,,
25495,Conector de Carga iPhone 13 Pro Max - Preto,ManutenÃ§Ã£o Conector,M. iPhone 13 Pro Max,"500,00",2,2.0,OK,2025-08-27,,,
24101,Vidro e touchscreen com LCD iPhone SE - BrancoÂ ,ManutenÃ§Ã£o LCD/ Touch,M. iPhone SE,"400,00",1,1.0,OK,2025-08-27,,,
25722,Lente de Vidro da CÃ¢mera para iPhone 13 Pro Max - G,ManutenÃ§Ã£o CÃ¢mera,M. iPhone 13 Pro Max,"400,00",1,1.0,OK,2025-08-27,,,
26132,Flex sensor face ID - iPhone 13 Pro Max,ManutenÃ§Ã£o Flex do Sensor,M. iPhone 13 Pro Max,"500,00",2,2.0,OK,2025-08-27,,,
24109,Vidro e touchscreen com LCD iPhone 8 Plus - Preto,ManutenÃ§Ã£o LCD/ Touch,M. iPhone 8 Plus,"500,00",3,3.0,OK,2025-08-27,,,
24614,Tampa de vidro com lente traseira para iPhone 12 Pro - Grafite,ManutenÃ§Ã£o CarcaÃ§a/Vidro Traseiro,M. iPhone 12 Pro,"700,00",1,1.0,OK,2025-08-27,,,
24615,Tampa de vidro com lente traseira para iPhone 12 Pro - Prata,ManutenÃ§Ã£o CarcaÃ§a/Vidro Traseiro,M. iPhone 12 Pro,"700,00",1,1.0,OK,2025-08-27,,,
24616,Tampa de vidro com lente traseira para iPhone 12 Pro - Dourado,ManutenÃ§Ã£o CarcaÃ§a/Vidro Traseiro,M. iPhone 12 Pro,"700,00",1,1.0,OK,2025-08-27,,,
24108,Vidro e touchscreen com LCD iPhone 8 Plus - Branco,ManutenÃ§Ã£o LCD/ Touch,M. iPhone 8 Plus,"500,00",2,2.0,OK,2025-08-27,,,
24617,Tampa de vidro com lente traseira para iPhone 12 Pro - Azul,ManutenÃ§Ã£o CarcaÃ§a/Vidro Traseiro,M. iPhone 12 Pro,"700,00",1,1.0,OK,2025-08-27,,,
26371,CÃ¢mera traseira do iPhone 14,ManutenÃ§Ã£o CÃ¢mera,M. iPhone 14,"1.000,00",1,1.0,OK,2025-08-27,,,
24401,Vidro e touchscreen com LCD iPhone 8/SE 2 - Preto,ManutenÃ§Ã£o LCD/ Touch,M. iPhone 8,"500,00",1,1.0,OK,2025-08-27,,,
26375,Flex sensor / microfone da cÃ¢mera do iPhone 14,ManutenÃ§Ã£o Flex do Sensor,M. iPhone 14,"500,00",2,2.0,OK,2025-08-27,,,
26376,Flex sensor / microfone da cÃ¢mera do iPhone 14 Plus,ManutenÃ§Ã£o Flex do Sensor,M. iPhone 14 Plus,"500,00",1,1.0,OK,2025-08-27,,,
24618,Tampa de vidro com lente traseira para iPhone 12 Pro Max - Azul,ManutenÃ§Ã£o CarcaÃ§a/Vidro Traseiro,M. iPhone 12 Pro Max,"800,00",1,1.0,OK,2025-08-27,,,
24619,Tampa de vidro com lente traseira para iPhone 12 Pro Max - Dourado,ManutenÃ§Ã£o CarcaÃ§a/Vidro Traseiro,M. iPhone 12 Pro Max,"800,00",2,2.0,OK,2025-08-27,,,
23910,Vidro e touchscreen com LCD iPhone 8 - Branco,ManutenÃ§Ã£o LCD/ Touch,M. iPhone 8,"350,00",2,2.0,OK,2025-08-27,,,
24620,Tampa de vidro com lente traseira para iPhone 12 Pro Max - Prata,ManutenÃ§Ã£o CarcaÃ§a/Vidro Traseiro,M. iPhone 12 Pro Max,"800,00",2,2.0,OK,2025-08-27,,,
23897,Vidro e touchscreen com LCD iPhone 7 Plus - Preto,ManutenÃ§Ã£o LCD/ Touch,M. iPhone 7 Plus,"350,00",1,1.0,OK,2025-08-27,,,
24621,Tampa de vidro com lente traseira para iPhone 12 Pro Max - Grafite,ManutenÃ§Ã£o CarcaÃ§a/Vidro Traseiro,M. iPhone 12 Pro Max,"800,00",2,2.0,OK,2025-08-27,,,
24625,Aro com carcaÃ§a metalica para iPhone 12 Pro Max - Azul,ManutenÃ§Ã£o CarcaÃ§a/Vidro Traseiro,M. iPhone 12 Pro Max,"1.200,00",1,1.0,OK,2025-08-27,,,
26377,Flex sensor / microfone da cÃ¢mera do iPhone 14 Pro,ManutenÃ§Ã£o Flex do Sensor,M. iPhone 14 Pro,"800,00",2,2.0,OK,2025-08-27,,,
27130,Flex microfone da cÃ¢mera traseira - iPhone 14 Pro,ManutenÃ§Ã£o Microfone,M. iPhone 14 Pro,"800,00",2,2.0,OK,2025-08-27,,,
26206,Lente de Vidro da CÃ¢mera para iPhone 14 Pro Max - P,ManutenÃ§Ã£o CÃ¢mera,M. iPhone 14 Pro Max,"400,00",1,1.0,OK,2025-08-27,,,
26208,Lente de Vidro da CÃ¢mera para iPhone 14 Pro Max - G,ManutenÃ§Ã£o CÃ¢mera,M. iPhone 14 Pro Max,"400,00",1,1.0,OK,2025-08-27,,,
26378,Flex sensor / microfone da cÃ¢mera do iPhone 14 Pro Max,ManutenÃ§Ã£o Flex do Sensor,M. iPhone 14 Pro Max,"800,00",2,2.0,OK,2025-08-27,,,
25724,CarcaÃ§a completa para iPhone 13 - Preto,ManutenÃ§Ã£o CarcaÃ§a/Vidro Traseiro,M. iPhone 13,"900,00",1,1.0,OK,2025-08-27,,,
26415,Conector de carga do iPhone 14 Pro Max - Preto,ManutenÃ§Ã£o Conector,M. iPhone 14 Pro Max,"800,00",1,1.0,OK,2025-08-27,,,
25726,CarcaÃ§a completa para iPhone 13 - Branco,ManutenÃ§Ã£o CarcaÃ§a/Vidro Traseiro,M. iPhone 13,"900,00",1,1.0,OK,2025-08-27,,,
27449,Flex power do iPhone 14 Pro Max,ManutenÃ§Ã£o Vibra / Volume / Power,M. iPhone 14 Pro Max,"500,00",2,2.0,OK,2025-08-27,,,
27115,Flex sensor / microfone da cÃ¢mera do iPhone 15,ManutenÃ§Ã£o Flex do Sensor,M. iPhone 15,"800,00",2,2.0,OK,2025-08-27,,,
27184,Flex sensor / microfone da cÃ¢mera do iPhone 15 Plus,ManutenÃ§Ã£o Flex do Sensor,M. iPhone 15 Plus,"1.000,00",2,2.0,OK,2025-08-27,,,
27125,Flex sensor / microfone da cÃ¢mera do iPhone 15 Pro,ManutenÃ§Ã£o Flex do Sensor,M. iPhone 15 Pro,"1.300,00",2,2.0,OK,2025-08-27,,,
27114,Lente de Vidro da CÃ¢mera para iPhone 15 Pro Max - G,ManutenÃ§Ã£o CÃ¢mera,M. iPhone 15 Pro Max,"600,00",1,1.0,OK,2025-08-27,,,
27116,Flex sensor / microfone da cÃ¢mera do iPhone 15 Pro Max,ManutenÃ§Ã£o Flex do Sensor,M. iPhone 15 Pro Max,"1.300,00",4,4.0,OK,2025-08-27,,,
27660,CÃ¢mera traseira do iPhone 15 Pro Max,ManutenÃ§Ã£o CÃ¢mera,M. iPhone 15 Pro Max,"1.800,00",1,1.0,OK,2025-08-27,,,
25727,CarcaÃ§a completa para iPhone 13 - Rose,ManutenÃ§Ã£o CarcaÃ§a/Vidro Traseiro,M. iPhone 13,"900,00",1,1.0,OK,2025-08-27,,,
28109,CÃ¢mera frontal do iPhone 15 Pro Max,ManutenÃ§Ã£o CÃ¢mera,M. iPhone 15 Pro Max,"1.500,00",1,1.0,OK,2025-08-27,,,
23906,Vidro e touchscreen com LCD iPhone 7 Plus - Branco,ManutenÃ§Ã£o LCD/ Touch,M. iPhone 7 Plus,"350,00",2,2.0,OK,2025-08-27,,,
25736,Tampa traseira de vidro para iPhone 13 - Preto,ManutenÃ§Ã£o CarcaÃ§a/Vidro Traseiro,M. iPhone 13,"800,00",1,1.0,OK,2025-08-27,,,
3555,Flex Home iPhone 5S/SE - Prata,ManutenÃ§Ã£o Flex do Home,M. iPhone 5S,"150,00",2,2.0,OK,2025-08-27,,,
25737,Tampa traseira de vidro para iPhone 13 - Azul,ManutenÃ§Ã£o CarcaÃ§a/Vidro Traseiro,M. iPhone 13,"800,00",1,1.0,OK,2025-08-27,,,
3800,CÃ¢mera Traseira - iPhone 5S,ManutenÃ§Ã£o CÃ¢mera,M. iPhone 5S,"150,00",2,2.0,OK,2025-08-27,,,
24106,Vidro Touchscreen com LCD para iPhone 7 - Preto,ManutenÃ§Ã£o LCD/ Touch,M. iPhone 7,"350,00",2,2.0,OK,2025-08-27,,,
3882,Flex Power/Volume/Vibra - iPhone 5S,ManutenÃ§Ã£o Vibra / Volume / Power,M. iPhone 5S,"200,00",2,2.0,OK,2025-08-27,,,
3969,Speaker - iPhone 5S/SE,ManutenÃ§Ã£o Speaker,M. iPhone 5S,"400,00",2,2.0,OK,2025-08-27,,,
4395,Motor do Vibra - iPhone 5S/SE,ManutenÃ§Ã£o Vibra / Volume / Power,M. iPhone 5S,"200,00",2,2.0,OK,2025-08-27,,,
24586,Flex de conector de carga para iPhone 5S - Preto,ManutenÃ§Ã£o Conector,M. iPhone 5S,"400,00",2,2.0,OK,2025-08-27,,,
25738,Tampa traseira de vidro para iPhone 13 - Branco,ManutenÃ§Ã£o CarcaÃ§a/Vidro Traseiro,M. iPhone 13,"800,00",1,1.0,OK,2025-08-27,,,
24587,Flex de conector de carga para iPhone 5S - Branco,ManutenÃ§Ã£o Conector,M. iPhone 5S,"200,00",1,1.0,OK,2025-08-27,,,
25739,Tampa traseira de vidro para iPhone 13 - Rose,ManutenÃ§Ã£o CarcaÃ§a/Vidro Traseiro,M. iPhone 13,"800,00",1,1.0,OK,2025-08-27,,,
4362,Flex Volume e Vibra - iPhone 6,ManutenÃ§Ã£o Vibra / Volume / Power,M. iPhone 6,"180,00",2,2.0,OK,2025-08-27,,,
24107,Vidro e touchscreen com LCD iPhone 7 - Branco,ManutenÃ§Ã£o LCD/ Touch,M. iPhone 7,"350,00",2,2.0,OK,2025-08-27,,,
4363,Flex Power - iPhone 6,ManutenÃ§Ã£o Vibra / Volume / Power,M. iPhone 6,"400,00",2,2.0,OK,2025-08-27,,,
25740,Tampa traseira de vidro para iPhone 13 - Vermelho,ManutenÃ§Ã£o CarcaÃ§a/Vidro Traseiro,M. iPhone 13,"800,00",1,1.0,OK,2025-08-27,,,
24324,Vidro e touchscreen com LCD iPhone 6S Plus - Preto,ManutenÃ§Ã£o LCD/ Touch,M. iPhone 6S Plus,"300,00",3,3.0,OK,2025-08-27,,,
4365,CÃ¢mera Traseira - iPhone 6,ManutenÃ§Ã£o CÃ¢mera,M. iPhone 6,"150,00",2,2.0,OK,2025-08-27,,,
4367,Speaker - iPhone 6,ManutenÃ§Ã£o Speaker,M. iPhone 6,"180,00",2,2.0,OK,2025-08-27,,,
25741,Tampa traseira de vidro para iPhone 13 - Verde,ManutenÃ§Ã£o CarcaÃ§a/Vidro Traseiro,M. iPhone 13,"800,00",1,1.0,OK,2025-08-27,,,
23895,Vidro e touchscreen com LCD iPhone 6S Plus - Branco,ManutenÃ§Ã£o LCD/ Touch,M. iPhone 6S Plus,"300,00",2,2.0,OK,2025-08-27,,,
27264,Tampa traseira de vidro para iPhone 13 Mini - Preta,ManutenÃ§Ã£o CarcaÃ§a/Vidro Traseiro,M. iPhone 13 Mini,"700,00",1,1.0,OK,2025-08-27,,,
24105,Vidro e touchscreen com LCD iPhone 6S - Preto,ManutenÃ§Ã£o LCD/ Touch,M. iPhone 6S,"350,00",1,1.0,OK,2025-08-27,,,
4456,Flex Home iPhone 6 - Prata,ManutenÃ§Ã£o Flex do Home,M. iPhone 6,"100,00",1,1.0,OK,2025-08-27,,,
23893,Vidro e touchscreen com LCD iPhone 6S - Branco,ManutenÃ§Ã£o LCD/ Touch,M. iPhone 6S,"350,00",1,1.0,OK,2025-08-27,,,
24325,Vidro e touchscreen com LCD iPhone 6 Plus - Preto,ManutenÃ§Ã£o LCD/ Touch,M. iPhone 6 Plus,"300,00",3,3.0,OK,2025-08-27,,,
24326,Vidro e touchscreen com LCD iPhone 6 Plus - Branco,ManutenÃ§Ã£o LCD/ Touch,M. iPhone 6 Plus,"300,00",2,2.0,OK,2025-08-27,,,
27265,Tampa traseira de vidro para iPhone 13 Mini - Azul,ManutenÃ§Ã£o CarcaÃ§a/Vidro Traseiro,M. iPhone 13 Mini,"700,00",1,1.0,OK,2025-08-27,,,
24103,Vidro e touchscreen com LCD iPhone 6 - Preto,ManutenÃ§Ã£o LCD/ Touch,M. iPhone 6,"250,00",2,2.0,OK,2025-08-27,,,
24104,Vidro e touchscreen com LCD iPhone 6 - Branco,ManutenÃ§Ã£o LCD/ Touch,M. iPhone 6,"250,00",2,2.0,OK,2025-08-27,,,
25728,CarcaÃ§a completa para iPhone 13 Pro - Preto,ManutenÃ§Ã£o CarcaÃ§a/Vidro Traseiro,M. iPhone 13 Pro,"1.200,00",1,1.0,OK,2025-08-27,,,
25742,Tampa traseira de vidro para iPhone 13 Pro - Preto,ManutenÃ§Ã£o CarcaÃ§a/Vidro Traseiro,M. iPhone 13 Pro,"700,00",1,1.0,OK,2025-08-27,,,
25743,Tampa traseira de vidro para iPhone 13 Pro - Azul,ManutenÃ§Ã£o CarcaÃ§a/Vidro Traseiro,M. iPhone 13 Pro,"700,00",1,1.0,OK,2025-08-27,,,
4460,Conector de Carga iPhone 6 - Cinza Escuro,ManutenÃ§Ã£o Conector,M. iPhone 6,"180,00",2,2.0,OK,2025-08-27,,,
4658,Alto-Falante iPhone 6,ManutenÃ§Ã£o Alto Falante,M. iPhone 6,"150,00",2,2.0,OK,2025-08-27,,,
20737,Antena Wi-Fi - iPhone 6,ManutenÃ§Ã£o Wi-Fi,M. iPhone 6,"180,00",2,2.0,OK,2025-08-27,,,
25744,Tampa traseira de vidro para iPhone 13 Pro - Dourado,ManutenÃ§Ã£o CarcaÃ§a/Vidro Traseiro,M. iPhone 13 Pro,"700,00",2,2.0,OK,2025-08-27,,,
24413,CÃ¢mera Frontal e Sensor para iPhone 6,ManutenÃ§Ã£o CÃ¢mera,M. iPhone 6,"150,00",2,2.0,OK,2025-08-27,,,
4348,Flex Volume e Vibra - iPhone 6 Plus,ManutenÃ§Ã£o Vibra / Volume / Power,M. iPhone 6 Plus,"180,00",1,1.0,OK,2025-08-27,,,
3533,Vidro e touchscreen com LCD iPhone 5S - Preto,ManutenÃ§Ã£o LCD/ Touch,M. iPhone 5S,"250,00",3,3.0,OK,2025-08-27,,,
27715,Vidro e touchscreen com LCD iPhone 16 - Preto,ManutenÃ§Ã£o LCD/ Touch,M. iPhone 16,"2.500,00",1,1.0,OK,2025-08-27,,,
27746,Vidro e touchscreen com LCD iPhone 15 Pro Max (SC) - Preto,ManutenÃ§Ã£o LCD/ Touch,M. iPhone 15 Pro Max,"3.200,00",3,3.0,OK,2025-08-27,,,
27938,Vidro e touchscreen com LCD iPhone 15 Pro (SC) - Preto,ManutenÃ§Ã£o LCD/ Touch,M. iPhone 15 Pro,"2.500,00",2,2.0,OK,2025-08-27,,,
26845,Vidro e touchscreen com LCD iPhone 15 Plus - Preto,ManutenÃ§Ã£o LCD/ Touch,M. iPhone 15 Plus,"2.500,00",1,1.0,OK,2025-08-27,,,
27937,Vidro e touchscreen com LCD iPhone 15 (SC) - Preto,ManutenÃ§Ã£o LCD/ Touch,M. iPhone 15,"2.300,00",1,1.0,OK,2025-08-27,,,
26844,Vidro e touchscreen com LCD iPhone 15 - Preto,ManutenÃ§Ã£o LCD/ Touch,M. iPhone 15,"2.300,00",2,2.0,OK,2025-08-27,,,
27097,Vidro e touchscreen com LCD iPhone 14 Pro Max (SC) - Preto,ManutenÃ§Ã£o LCD/ Touch,M. iPhone 14 Pro Max,"2.800,00",2,2.0,OK,2025-08-27,,,
27098,Vidro e touchscreen com LCD iPhone 14 Pro (SC) - Preto,ManutenÃ§Ã£o LCD/ Touch,M. iPhone 14 Pro,"2.500,00",2,2.0,OK,2025-08-27,,,
26184,Vidro e touchscreen com LCD iPhone 14 Pro - Preto,ManutenÃ§Ã£o LCD/ Touch,M. iPhone 14 Pro,"2.500,00",1,1.0,OK,2025-08-27,,,
27090,Vidro e touchscreen com LCD iPhone 14 Plus (SC) - Preto,ManutenÃ§Ã£o LCD/ Touch,M. iPhone 14 Plus,"2.500,00",1,1.0,OK,2025-08-27,,,
26183,Vidro e touchscreen com LCD iPhone 14 Plus - Preto,ManutenÃ§Ã£o LCD/ Touch,M. iPhone 14 Plus,"2.500,00",1,1.0,OK,2025-08-27,,,
26979,Vidro e touchscreen com LCD iPhone 14 (SC) - Preto,ManutenÃ§Ã£o LCD/ Touch,M. iPhone 14,"2.000,00",1,1.0,OK,2025-08-27,,,
25745,Tampa traseira de vidro para iPhone 13 Pro - Branco,ManutenÃ§Ã£o CarcaÃ§a/Vidro Traseiro,M. iPhone 13 Pro,"700,00",1,1.0,OK,2025-08-27,,,
4349,Flex Power - iPhone 6 Plus,ManutenÃ§Ã£o Vibra / Volume / Power,M. iPhone 6 Plus,"180,00",3,3.0,OK,2025-08-27,,,
4352,Motor do Vibra - iPhone 6 Plus,ManutenÃ§Ã£o Vibra / Volume / Power,M. iPhone 6 Plus,"180,00",2,2.0,OK,2025-08-27,,,
4353,Alto-Falante iPhone 6 Plus,ManutenÃ§Ã£o Alto Falante,M. iPhone 6 Plus,"150,00",2,2.0,OK,2025-08-27,,,
25746,Tampa traseira de vidro para iPhone 13 Pro - Verde,ManutenÃ§Ã£o CarcaÃ§a/Vidro Traseiro,M. iPhone 13 Pro,"700,00",1,1.0,OK,2025-08-27,,,
25734,CarcaÃ§a completa para iPhone 13 Pro Max - Dourado,ManutenÃ§Ã£o CarcaÃ§a/Vidro Traseiro,M. iPhone 13 Pro Max,"1.500,00",1,1.0,OK,2025-08-27,,,
4981,Speaker - iPhone 6 Plus,ManutenÃ§Ã£o Speaker,M. iPhone 6 Plus,"180,00",2,2.0,OK,2025-08-27,,,
21069,Antena Wi-Fi - iPhone 6 Plus,ManutenÃ§Ã£o Wi-Fi,M. iPhone 6 Plus,"180,00",2,2.0,OK,2025-08-27,,,
24025,CÃ¢mera Traseira para iPhone 6 Plus,ManutenÃ§Ã£o CÃ¢mera,M. iPhone 6 Plus,"150,00",2,2.0,OK,2025-08-27,,,
24027,CÃ¢mera Frontal e Sensor para iPhone 6 Plus,ManutenÃ§Ã£o CÃ¢mera,M. iPhone 6 Plus,"150,00",1,1.0,OK,2025-08-27,,,
24029,Flex de Conector de Carga para iPhone 6 Plus Cinza Escuro,ManutenÃ§Ã£o Conector,M. iPhone 6 Plus,"400,00",2,2.0,OK,2025-08-27,,,
26182,Vidro e touchscreen com LCD iPhone 14 - Preto,ManutenÃ§Ã£o LCD/ Touch,M. iPhone 14,"2.000,00",1,1.0,OK,2025-08-27,,,
26768,Vidro e touchscreen com LCD iPhone 13 Pro Max (SC) - Preto,ManutenÃ§Ã£o LCD/ Touch,M. iPhone 13 Pro Max,"2.500,00",4,4.0,OK,2025-08-27,,,
26769,Vidro e touchscreen com LCD iPhone 13 Pro (SC) - Preto,ManutenÃ§Ã£o LCD/ Touch,M. iPhone 13 Pro,"2.000,00",1,1.0,OK,2025-08-27,,,
27496,Bateria de iPhone 15 Plus,ManutenÃ§Ã£o Bateria,M. iPhone 15 Plus,"1.000,00",2,2.0,OK,2025-08-27,,,
25488,Vidro e touchscreen com LCD iPhone 13 Pro - Preto,ManutenÃ§Ã£o LCD/ Touch,M. iPhone 13 Pro,"2.000,00",1,1.0,OK,2025-08-27,,,
26366,Vidro e touchscreen com LCD iPhone 13 Mini - Preto,ManutenÃ§Ã£o LCD/ Touch,M. iPhone 13 Mini,"1.300,00",1,1.0,OK,2025-08-27,,,
26601,Vidro e touchscreen com LCD iPhone 13 (SC) - Preto,ManutenÃ§Ã£o LCD/ Touch,M. iPhone 13,"1.800,00",2,2.0,OK,2025-08-27,,,
25487,Vidro e touchscreen com LCD iPhone 13 - Preto,ManutenÃ§Ã£o LCD/ Touch,M. iPhone 13,"1.800,00",1,1.0,OK,2025-08-27,,,
26600,Vidro e touchscreen com LCD iPhone 12 Pro Max (SC) - Preto,ManutenÃ§Ã£o LCD/ Touch,M. iPhone 12 Pro Max,"1.800,00",1,1.0,OK,2025-08-27,,,
24894,Vidro e touchscreen com LCD iPhone 12 Pro Max - Preto,ManutenÃ§Ã£o LCD/ Touch,M. iPhone 12 Pro Max,"1.800,00",2,2.0,OK,2025-08-27,,,
27495,Bateria de iPhone 15,ManutenÃ§Ã£o Bateria,M. iPhone 15,"1.000,00",2,2.0,OK,2025-08-27,,,
26599,Vidro e touchscreen com LCD iPhone 12/12 Pro (SC) - Preto,ManutenÃ§Ã£o LCD/ Touch,M. iPhone 12 Pro,"1.500,00",2,2.0,OK,2025-08-27,,,
24031,Flex de Conector de Carga para iPhone 6 Plus Branco,ManutenÃ§Ã£o Conector,M. iPhone 6 Plus,"180,00",2,2.0,OK,2025-08-27,,,
8144,Flex Home iPhone 6S - Preto,ManutenÃ§Ã£o Flex do Home,M. iPhone 6S,"200,00",1,1.0,OK,2025-08-27,,,
8146,Flex Home iPhone 6S - RosÃª,ManutenÃ§Ã£o Flex do Home,M. iPhone 6S,"200,00",1,1.0,OK,2025-08-27,,,
8153,Speaker - iPhone 6S,ManutenÃ§Ã£o Speaker,M. iPhone 6S,"200,00",2,2.0,OK,2025-08-27,,,
25747,Tampa traseira de vidro para iPhone 13 Pro Max - Preto,ManutenÃ§Ã£o CarcaÃ§a/Vidro Traseiro,M. iPhone 13 Pro Max,"800,00",2,2.0,OK,2025-08-27,,,
8154,Flex Power/Volume/Vibra - iPhone 6S,ManutenÃ§Ã£o Vibra / Volume / Power,M. iPhone 6S,"200,00",3,3.0,OK,2025-08-27,,,
25748,Tampa traseira de vidro para iPhone 13 Pro Max - Azul,ManutenÃ§Ã£o CarcaÃ§a/Vidro Traseiro,M. iPhone 13 Pro Max,"800,00",1,1.0,OK,2025-08-27,,,
8158,CÃ¢mera Traseira - iPhone 6S,ManutenÃ§Ã£o CÃ¢mera,M. iPhone 6S,"0,00",2,2.0,OK,2025-08-27,,,
21299,Flex Home iPhone 6S - Dourado,ManutenÃ§Ã£o Flex do Home,M. iPhone 6S,"200,00",1,1.0,OK,2025-08-27,,,
21314,Antena Wi-Fi - iPhone 6S,ManutenÃ§Ã£o Wi-Fi,M. iPhone 6S,"200,00",2,2.0,OK,2025-08-27,,,
26721,Bateria de iPhone 14 Pro Max,ManutenÃ§Ã£o Bateria,M. iPhone 14 Pro Max,"800,00",2,2.0,OK,2025-08-27,,,
26957,Bateria de iPhone 14 Pro Max - Sem Flex,ManutenÃ§Ã£o Bateria,M. iPhone 14 Pro Max,"800,00",1,1.0,OK,2025-08-27,,,
24891,Vidro e touchscreen com LCD iPhone 12 Mini - Preto,ManutenÃ§Ã£o LCD/ Touch,M. iPhone 12 Mini,"1.000,00",1,1.0,OK,2025-08-27,,,
26767,Vidro e touchscreen com LCD iPhone 11 Pro Max (SC) - Preto,ManutenÃ§Ã£o LCD/ Touch,M. iPhone 11 Pro Max,"1.000,00",1,1.0,OK,2025-08-27,,,
24033,CÃ¢mera Frontal e Sensor para iPhone 6S,ManutenÃ§Ã£o CÃ¢mera,M. iPhone 6S,"150,00",3,1.0,Divergente,2025-08-27,SÃ³ encontrei 7607053,,
24417,Flex de Conector de Carga para iPhone 6S - Cinza Escuro,ManutenÃ§Ã£o Conector,M. iPhone 6S,"200,00",2,2.0,OK,2025-08-27,,,
20722,Flex Power - iPhone 6S Plus,ManutenÃ§Ã£o Vibra / Volume / Power,M. iPhone 6S Plus,"200,00",3,3.0,OK,2025-08-27,,,
20723,Speaker - iPhone 6S Plus,ManutenÃ§Ã£o Speaker,M. iPhone 6S Plus,"200,00",2,2.0,OK,2025-08-27,,,
20755,Flex Volume e Vibra - iPhone 6S Plus,ManutenÃ§Ã£o Vibra / Volume / Power,M. iPhone 6S Plus,"200,00",1,1.0,OK,2025-08-27,,,
21315,Antena Wi-Fi - iPhone 6S Plus,ManutenÃ§Ã£o Wi-Fi,M. iPhone 6S Plus,"200,00",2,2.0,OK,2025-08-27,,,
25749,Tampa traseira de vidro para iPhone 13 Pro Max - Dourado,ManutenÃ§Ã£o CarcaÃ§a/Vidro Traseiro,M. iPhone 13 Pro Max,"800,00",2,2.0,OK,2025-08-27,,,
25750,Tampa traseira de vidro para iPhone 13 Pro Max - Branco,ManutenÃ§Ã£o CarcaÃ§a/Vidro Traseiro,M. iPhone 13 Pro Max,"800,00",1,1.0,OK,2025-08-27,,,
26294,Tampa traseira de vidro para iPhone 13 Pro Max - Verde,ManutenÃ§Ã£o CarcaÃ§a/Vidro Traseiro,M. iPhone 13 Pro Max,"800,00",1,1.0,OK,2025-08-27,,,
26177,Tampa traseira de vidro para iPhone 14 - Meia-noite,ManutenÃ§Ã£o CarcaÃ§a/Vidro Traseiro,M. iPhone 14,"800,00",2,2.0,OK,2025-08-27,,,
26178,Tampa traseira de vidro para iPhone 14 - Roxo,ManutenÃ§Ã£o CarcaÃ§a/Vidro Traseiro,M. iPhone 14,"800,00",1,1.0,OK,2025-08-27,,,
26179,Tampa de vidro para iPhone 14 - Estelar,ManutenÃ§Ã£o CarcaÃ§a/Vidro Traseiro,M. iPhone 14,"800,00",1,1.0,OK,2025-08-27,,,
26180,Tampa traseira de vidro para iPhone 14 - Vermelho,ManutenÃ§Ã£o CarcaÃ§a/Vidro Traseiro,M. iPhone 14,"800,00",1,1.0,OK,2025-08-27,,,
26181,Tampa traseira de vidro para iPhone 14 - Azul,ManutenÃ§Ã£o CarcaÃ§a/Vidro Traseiro,M. iPhone 14,"800,00",2,2.0,OK,2025-08-27,,,
26209,Tampa traseira de vidro para iPhone 14 Plus - Meia-noite,ManutenÃ§Ã£o CarcaÃ§a/Vidro Traseiro,M. iPhone 14 Plus,"1.000,00",1,1.0,OK,2025-08-27,,,
26210,Tampa traseira de vidro para iPhone 14 Plus - Roxo,ManutenÃ§Ã£o CarcaÃ§a/Vidro Traseiro,M. iPhone 14 Plus,"1.000,00",1,1.0,OK,2025-08-27,,,
26211,Tampa traseira de vidro para iPhone 14 Plus - Estelar,ManutenÃ§Ã£o CarcaÃ§a/Vidro Traseiro,M. iPhone 14 Plus,"1.000,00",1,1.0,OK,2025-08-27,,,
26212,Tampa de vidro para iPhone 14 Plus - Vermelha,ManutenÃ§Ã£o CarcaÃ§a/Vidro Traseiro,M. iPhone 14 Plus,"1.000,00",1,1.0,OK,2025-08-27,,,
26213,Tampa de vidro para iPhone 14 Plus - Azul,ManutenÃ§Ã£o CarcaÃ§a/Vidro Traseiro,M. iPhone 14 Plus,"1.000,00",1,1.0,OK,2025-08-27,,,
26214,Tampa de vidro para iPhone 14 Pro - Preto-espacial,ManutenÃ§Ã£o CarcaÃ§a/Vidro Traseiro,M. iPhone 14 Pro,"900,00",1,1.0,OK,2025-08-27,,,
26215,Tampa de vidro para iPhone 14 Pro - Prateado,ManutenÃ§Ã£o CarcaÃ§a/Vidro Traseiro,M. iPhone 14 Pro,"900,00",1,1.0,OK,2025-08-27,,,
26216,Tampa de vidro para iPhone 14 Pro - Dourado,ManutenÃ§Ã£o CarcaÃ§a/Vidro Traseiro,M. iPhone 14 Pro,"900,00",2,2.0,OK,2025-08-27,,,
26217,Tampa de vidro para iPhone 14 Pro - Roxo-Profundo,ManutenÃ§Ã£o CarcaÃ§a/Vidro Traseiro,M. iPhone 14 Pro,"900,00",1,1.0,OK,2025-08-27,,,
26218,Tampa de vidro para iPhone 14 Pro Max - Preto-espacial,ManutenÃ§Ã£o CarcaÃ§a/Vidro Traseiro,M. iPhone 14 Pro Max,"1.000,00",1,1.0,OK,2025-08-27,,,
26219,Tampa de vidro para iPhone 14 Pro Max - Prateado,ManutenÃ§Ã£o CarcaÃ§a/Vidro Traseiro,M. iPhone 14 Pro Max,"1.000,00",1,1.0,OK,2025-08-27,,,
26220,Tampa de vidro para iPhone 14 Pro Max - Dourado,ManutenÃ§Ã£o CarcaÃ§a/Vidro Traseiro,M. iPhone 14 Pro Max,"1.000,00",2,2.0,OK,2025-08-27,,,
23905,CÃ¢mera Frontal e Sensor para iPhone 6S Plus,ManutenÃ§Ã£o CÃ¢mera,M. iPhone 6S Plus,"150,00",1,1.0,OK,2025-08-27,,,
24113,Vidro e touchscreen com LCD iPhone 11 Pro Max - Preto,ManutenÃ§Ã£o LCD/ Touch,M. iPhone 11 Pro Max,"1.000,00",3,3.0,OK,2025-08-27,,,
26766,Vidro e touchscreen com LCD iPhone 11 Pro (SC) - Preto,ManutenÃ§Ã£o LCD/ Touch,M. iPhone 11 Pro,"800,00",2,2.0,OK,2025-08-27,,,
24588,Flex de conector de carga para iPhone 6S Plus - Branco,ManutenÃ§Ã£o Conector,M. iPhone 6S Plus,"150,00",2,2.0,OK,2025-08-27,,,
24589,Flex de conector de carga para iPhone 6S Plus - Cinza,ManutenÃ§Ã£o Conector,M. iPhone 6S Plus,"200,00",2,2.0,OK,2025-08-27,,,
21289, Speaker - iPhone 7,ManutenÃ§Ã£o Speaker,M. iPhone 7,,0,1.0,Divergente,2025-08-27,gerar codigo,,
21149,Alto-Falante iPhone 7,ManutenÃ§Ã£o Alto Falante,M. iPhone 7,"200,00",2,2.0,OK,2025-08-27,,,
21267,Flex Power/Volume - iPhone 7,ManutenÃ§Ã£o Vibra / Volume / Power,M. iPhone 7,"200,00",2,2.0,OK,2025-08-27,,,
23189,Motor do Vibra - iPhone 7,ManutenÃ§Ã£o Vibra / Volume / Power,M. iPhone 7,"150,00",2,2.0,OK,2025-08-27,,,
23907,CÃ¢mera Traseira para iPhone 7,ManutenÃ§Ã£o CÃ¢mera,M. iPhone 7,"200,00",2,2.0,OK,2025-08-27,,,
26221,Tampa de vidro para iPhone 14 Pro Max - Roxo-profundo,ManutenÃ§Ã£o CarcaÃ§a/Vidro Traseiro,M. iPhone 14 Pro Max,"1.000,00",3,3.0,OK,2025-08-27,,,
24112,Vidro e touchscreen com LCD iPhone 11 Pro - Preto,ManutenÃ§Ã£o LCD/ Touch,M. iPhone 11 Pro,"800,00",2,2.0,OK,2025-08-27,,,
26598,Vidro e touchscreen com LCD iPhone 11 (SC) - Preto,ManutenÃ§Ã£o LCD/ Touch,M. iPhone 11,"800,00",2,2.0,OK,2025-08-27,,,
24111,Vidro e touchscreen com LCD iPhone 11 - Preto,ManutenÃ§Ã£o LCD/ Touch,M. iPhone 11,"800,00",1,0.0,Divergente,2025-08-27,nÃ£o encontrei,,
23909,CÃ¢mera frontal e Sensor para iPhone 7,ManutenÃ§Ã£o CÃ¢mera,M. iPhone 7,"200,00",2,2.0,OK,2025-08-27,,,
26722,Bateria de iPhone 14 Pro,ManutenÃ§Ã£o Bateria,M. iPhone 14 Pro,"700,00",1,1.0,OK,2025-08-27,,,
23936,Conector de Carga para iPhone 7 Preto,ManutenÃ§Ã£o Conector,M. iPhone 7,"200,00",2,2.0,OK,2025-08-27,,,
24421,Antena Wi-fi para iPhone 7,ManutenÃ§Ã£o Wi-Fi,M. iPhone 7,"0,00",2,2.0,OK,2025-08-27,,,
26958,Bateria de iPhone 14 Pro - Sem Flex,ManutenÃ§Ã£o Bateria,M. iPhone 14 Pro,"700,00",1,1.0,OK,2025-08-27,,,
21290,Flex Power/Volume - iPhone 7 Plus,ManutenÃ§Ã£o Vibra / Volume / Power,M. iPhone 7 Plus,"300,00",2,2.0,OK,2025-08-27,,,
21316,Speaker - iPhone 7 Plus,ManutenÃ§Ã£o Speaker,M. iPhone 7 Plus,"250,00",3,3.0,OK,2025-08-27,,,
21317,Alto-Falante iPhone 7 Plus,ManutenÃ§Ã£o Alto Falante,M. iPhone 7 Plus,"200,00",2,2.0,OK,2025-08-27,,,
22191,Antena Wi-Fi iPhone 7 Plus,ManutenÃ§Ã£o Wi-Fi,M. iPhone 7 Plus,"250,00",2,2.0,OK,2025-08-27,,,
23083,Motor do Vibra - iPhone 7 Plus,ManutenÃ§Ã£o Vibra / Volume / Power,M. iPhone 7 Plus,"300,00",2,2.0,OK,2025-08-27,,,
27055,Tampa traseira de vidro para iPhone 15 - Rosa,ManutenÃ§Ã£o CarcaÃ§a/Vidro Traseiro,M. iPhone 15,"1.800,00",1,1.0,OK,2025-08-27,,,
27056,Tampa traseira de vidro para iPhone 15 - Preto,ManutenÃ§Ã£o CarcaÃ§a/Vidro Traseiro,M. iPhone 15,"1.800,00",1,1.0,OK,2025-08-27,,,
23938,CÃ¢mera Traseira para iPhone 7 Plus,ManutenÃ§Ã£o CÃ¢mera,M. iPhone 7 Plus,"200,00",1,1.0,OK,2025-08-27,,,
27017,Bateria de iPhone 14 Plus - Sem Flex,ManutenÃ§Ã£o Bateria,M. iPhone 14 Plus,"700,00",1,1.0,OK,2025-08-27,,,
23940,CÃ¢mera Frontal e Sensor para iPhone 7 Plus,ManutenÃ§Ã£o CÃ¢mera,M. iPhone 7 Plus,"200,00",2,2.0,OK,2025-08-27,,,
23943,Flex de Conector de Carga para iPhone 7 Plus Branco,ManutenÃ§Ã£o Conector,M. iPhone 7 Plus,"300,00",2,2.0,OK,2025-08-27,,,
27229,Bateria de iPhone 14 Plus,ManutenÃ§Ã£o Bateria,M. iPhone 14 Plus,"700,00",1,1.0,OK,2025-08-27,,,
23945,Flex de Conector de Carga para iPhone 7 Plus Preto,ManutenÃ§Ã£o Conector,M. iPhone 7 Plus,"300,00",3,2.0,Divergente,2025-08-27,Falta - 7504828,,
24426,Lente de vidro da CÃ¢mera Traseira para iPhone 7 Plus - Preta,ManutenÃ§Ã£o CÃ¢mera,M. iPhone 7 Plus,"100,00",1,1.0,OK,2025-08-27,,,
21920,Speaker - iPhone 8/SE 2,ManutenÃ§Ã£o Speaker,M. iPhone 8,"300,00",2,2.0,OK,2025-08-27,,,
21921,Alto-Falante iPhone 8/SE 2,ManutenÃ§Ã£o Alto Falante,M. iPhone 8,"200,00",2,2.0,OK,2025-08-27,,,
21923,Flex Power/Volume - iPhone 8/SE 2,ManutenÃ§Ã£o Vibra / Volume / Power,M. iPhone 8,"300,00",2,2.0,OK,2025-08-27,,,
22859,Lente de Vidro da CÃ¢mera iPhone 8 - Dourado,ManutenÃ§Ã£o CÃ¢mera,M. iPhone 8,"100,00",2,2.0,OK,2025-08-27,,,
23970,CÃ¢mera Traseira para iPhone 8/SE 2,ManutenÃ§Ã£o CÃ¢mera,M. iPhone 8,"250,00",1,1.0,OK,2025-08-27,,,
23972,CÃ¢mera Frontal e Sensor para iPhone 8/SE 2,ManutenÃ§Ã£o CÃ¢mera,M. iPhone 8,"200,00",2,2.0,OK,2025-08-27,,,
23976,Conector de Carga para iPhone 8 Branco,ManutenÃ§Ã£o Conector,M. iPhone 8,"200,00",1,1.0,OK,2025-08-27,,,
24120,Motor do Vibra para iPhone 8/SE 2,ManutenÃ§Ã£o Vibra / Volume / Power,M. iPhone 8,"200,00",2,2.0,OK,2025-08-27,,,
24431,Lente de vidro da CÃ¢mera Traseira para iPhone 8 - Preta,ManutenÃ§Ã£o CÃ¢mera,M. iPhone 8,"100,00",3,3.0,OK,2025-08-27,,,
24690,Conector de Carga para iPhone 8 Preto,ManutenÃ§Ã£o Conector,M. iPhone 8,"200,00",1,1.0,OK,2025-08-27,,,
21912,CÃ¢mera Frontal e Sensor de Proximidade - iPhone 8 Plus,ManutenÃ§Ã£o CÃ¢mera,M. iPhone 8 Plus,"0,00",1,0.0,Divergente,2025-08-27,remover codigo antigo,,
21913,Speaker - iPhone 8 Plus,ManutenÃ§Ã£o Speaker,M. iPhone 8 Plus,"300,00",2,2.0,OK,2025-08-27,,,
24583,Vidro e touchscreen com LCD iPad Pro 10.5 (A1701/A1709) - Preto,ManutenÃ§Ã£o LCD/ Touch,iPad Pro 10.5,"2.500,00",1,1.0,OK,2025-08-27,,,
24582,Vidro e touchscreen com LCD iPad Pro 10.5 (A1701/A1709) - Branco,ManutenÃ§Ã£o LCD/ Touch,iPad Pro 10.5,"2.500,00",1,1.0,OK,2025-08-27,,,
21914,Alto-Falante iPhone 8 Plus,ManutenÃ§Ã£o Alto Falante,M. iPhone 8 Plus,"150,00",1,1.0,OK,2025-08-27,,,
21915,Flex Power/Volume - iPhone 8 Plus,ManutenÃ§Ã£o Vibra / Volume / Power,M. iPhone 8 Plus,"300,00",2,3.0,Divergente,2025-08-27,gerar codigo,,
23981,CÃ¢mera Traseira para iPhone 8 Plus,ManutenÃ§Ã£o CÃ¢mera,M. iPhone 8 Plus,"200,00",2,2.0,OK,2025-08-27,,,
23985,Flex de Conector de Carga para iPhone 8 Plus Branco,ManutenÃ§Ã£o Conector,M. iPhone 8 Plus,"300,00",2,2.0,OK,2025-08-27,,,
24888,Vidro e touchscreen com LCD iPad Mini 5 - Preto,ManutenÃ§Ã£o LCD/ Touch,iPad Mini 5,"1.300,00",1,1.0,OK,2025-08-27,,,
24011,Vidro e touchscreen iPad mini 3 Branco,ManutenÃ§Ã£o LCD/ Touch,iPad Mini,"400,00",3,3.0,OK,2025-08-27,,,
23988,Flex de Conector de Carga para iPhone 8 Plus Preto,ManutenÃ§Ã£o Conector,M. iPhone 8 Plus,"300,00",2,2.0,OK,2025-08-27,,,
24121,CÃ¢mera Frontal e Sensor para iPhone 8 Plus,ManutenÃ§Ã£o CÃ¢mera,M. iPhone 8 Plus,"200,00",2,3.0,Divergente,2025-08-27,gerar codigo,,
24122,Motor de funÃ§Ã£o vibratÃ³ria para iPhone 8 Plus,ManutenÃ§Ã£o Vibra / Volume / Power,M. iPhone 8 Plus,"200,00",2,2.0,OK,2025-08-27,,,
24435,Lente de Vidro da CÃ¢mera traseira para iPhone 8 Plus - Preta,ManutenÃ§Ã£o CÃ¢mera,M. iPhone 8 Plus,"200,00",1,1.0,OK,2025-08-27,,,
27057,Tampa traseira de vidro para iPhone 15 - Azul,ManutenÃ§Ã£o CarcaÃ§a/Vidro Traseiro,M. iPhone 15,"1.800,00",1,1.0,OK,2025-08-27,,,
27058,Tampa traseira de vidro para iPhone 15 - Verde,ManutenÃ§Ã£o CarcaÃ§a/Vidro Traseiro,M. iPhone 15,"1.800,00",1,1.0,OK,2025-08-27,,,
27059,Tampa traseira de vidro para iPhone 15 - Amarelo,ManutenÃ§Ã£o CarcaÃ§a/Vidro Traseiro,M. iPhone 15,"1.800,00",1,1.0,OK,2025-08-27,,,
27060,Tampa traseira de vidro para iPhone 15 Plus - Rosa,ManutenÃ§Ã£o CarcaÃ§a/Vidro Traseiro,M. iPhone 15 Plus,"1.800,00",1,1.0,OK,2025-08-27,,,
27061,Tampa traseira de vidro para iPhone 15 Plus - Preto,ManutenÃ§Ã£o CarcaÃ§a/Vidro Traseiro,M. iPhone 15 Plus,"1.800,00",1,1.0,OK,2025-08-27,,,
27062,Tampa traseira de vidro para iPhone 15 Plus - Azul,ManutenÃ§Ã£o CarcaÃ§a/Vidro Traseiro,M. iPhone 15 Plus,"1.800,00",1,1.0,OK,2025-08-27,,,
27063,Tampa traseira de vidro para iPhone 15 Plus - Verde,ManutenÃ§Ã£o CarcaÃ§a/Vidro Traseiro,M. iPhone 15 Plus,"1.800,00",1,1.0,OK,2025-08-27,,,
27064,Tampa traseira de vidro para iPhone 15 Plus - Amarelo,ManutenÃ§Ã£o CarcaÃ§a/Vidro Traseiro,M. iPhone 15 Plus,"1.800,00",1,1.0,OK,2025-08-27,,,
27065,Tampa traseira de vidro para iPhone 15 Pro - Preto,ManutenÃ§Ã£o CarcaÃ§a/Vidro Traseiro,M. iPhone 15 Pro,"1.800,00",1,1.0,OK,2025-08-27,,,
27066,Tampa traseira de vidro para iPhone 15 Pro - Azul,ManutenÃ§Ã£o CarcaÃ§a/Vidro Traseiro,M. iPhone 15 Pro,"1.800,00",1,1.0,OK,2025-08-27,,,
27067,Tampa traseira de vidro para iPhone 15 Pro - Prata,ManutenÃ§Ã£o CarcaÃ§a/Vidro Traseiro,M. iPhone 15 Pro,"1.800,00",1,1.0,OK,2025-08-27,,,
27068,Tampa traseira de vidro para iPhone 15 Pro - Natural,ManutenÃ§Ã£o CarcaÃ§a/Vidro Traseiro,M. iPhone 15 Pro,"1.800,00",1,1.0,OK,2025-08-27,,,
27251,Aro MetÃ¡lico para iPhone 15 Pro - Azul,ManutenÃ§Ã£o CarcaÃ§a/Vidro Traseiro,M. iPhone 15 Pro,"1.200,00",1,1.0,OK,2025-08-27,,,
27252,Aro MetÃ¡lico para iPhone 15 Pro - Preto,ManutenÃ§Ã£o CarcaÃ§a/Vidro Traseiro,M. iPhone 15 Pro,"1.200,00",1,1.0,OK,2025-08-27,,,
27069,Tampa traseira de vidro para iPhone 15 Pro Max - Preto,ManutenÃ§Ã£o CarcaÃ§a/Vidro Traseiro,M. iPhone 15 Pro Max,"1.800,00",1,1.0,OK,2025-08-27,,,
27070,Tampa traseira de vidro para iPhone 15 Pro Max - Azul,ManutenÃ§Ã£o CarcaÃ§a/Vidro Traseiro,M. iPhone 15 Pro Max,"1.800,00",1,1.0,OK,2025-08-27,,,
27071,Tampa traseira de vidro para iPhone 15 Pro Max - Prata,ManutenÃ§Ã£o CarcaÃ§a/Vidro Traseiro,M. iPhone 15 Pro Max,"1.800,00",1,1.0,OK,2025-08-27,,,
27072,Tampa traseira de vidro para iPhone 15 Pro Max - Natural,ManutenÃ§Ã£o CarcaÃ§a/Vidro Traseiro,M. iPhone 15 Pro Max,"1.800,00",1,1.0,OK,2025-08-27,,,
27284,Aro MetÃ¡lico para iPhone 15 Pro Max- Prata,ManutenÃ§Ã£o CarcaÃ§a/Vidro Traseiro,M. iPhone 15 Pro Max,"1.500,00",1,1.0,OK,2025-08-27,,,
27285,Aro MetÃ¡lico para iPhone 15 Pro Max- Natural,ManutenÃ§Ã£o CarcaÃ§a/Vidro Traseiro,M. iPhone 15 Pro Max,"1.500,00",1,1.0,OK,2025-08-27,,,
24136,Flex do conector de carga para iPhone SE - Branco,ManutenÃ§Ã£o Conector,M. iPhone SE,"600,00",1,1.0,OK,2025-08-27,,,
24137,Flex do conector de carga para iPhone SE - Preto,ManutenÃ§Ã£o Conector,M. iPhone SE,"200,00",3,3.0,OK,2025-08-27,,,
27190,Conector de Carga iPhone SE 3 2022 - Branco,ManutenÃ§Ã£o Conector,M. iPhone SE 3,"500,00",2,2.0,OK,2025-08-27,,,
27191,Conector de Carga iPhone SE 3 2022 - Preto,ManutenÃ§Ã£o Conector,M. iPhone SE 3,"500,00",3,3.0,OK,2025-08-27,,,
27192,CÃ¢mera traseira do iPhone SE 3Â°,ManutenÃ§Ã£o CÃ¢mera,M. iPhone SE 3,"500,00",1,1.0,OK,2025-08-27,,,
27193,CÃ¢mera frontal do iPhone SE 3Âº,ManutenÃ§Ã£o CÃ¢mera,M. iPhone SE 3,"400,00",1,1.0,OK,2025-08-27,,,
26723,Bateria de iPhone 14,ManutenÃ§Ã£o Bateria,M. iPhone 14,"700,00",1,1.0,OK,2025-08-27,,,
21905,CÃ¢mera Traseira - iPhone X,ManutenÃ§Ã£o CÃ¢mera,M. iPhone X,"300,00",1,1.0,OK,2025-08-27,,,
23960,Flex da funÃ§Ã£o power para iPhone X,ManutenÃ§Ã£o Vibra / Volume / Power,M. iPhone X,"400,00",2,2.0,OK,2025-08-27,,,
23962,Flex da funÃ§Ã£o de ajuste de volume para iPhone X,ManutenÃ§Ã£o Vibra / Volume / Power,M. iPhone X,"400,00",2,2.0,OK,2025-08-27,,,
27769,Tampa traseira de vidro para iPhone 16  - Branco,ManutenÃ§Ã£o CarcaÃ§a/Vidro Traseiro,M. iPhone 16,"1.800,00",1,1.0,OK,2025-08-27,,,
27770,Tampa traseira de vidro para iPhone 16 - Rosa,ManutenÃ§Ã£o CarcaÃ§a/Vidro Traseiro,M. iPhone 16,"1.800,00",1,1.0,OK,2025-08-27,,,
27771,Tampa traseira de vidro para iPhone 16 - Verde-Acinzentado,ManutenÃ§Ã£o CarcaÃ§a/Vidro Traseiro,M. iPhone 16,"1.800,00",1,1.0,OK,2025-08-27,,,
27772,Tampa traseira de vidro para iPhone 16 - Ultramarino,ManutenÃ§Ã£o CarcaÃ§a/Vidro Traseiro,M. iPhone 16,"1.800,00",1,1.0,OK,2025-08-27,,,
27779,Tampa traseira de vidro para iPhone 16 Pro - TitÃ¢nio Preto,ManutenÃ§Ã£o CarcaÃ§a/Vidro Traseiro,M. iPhone 16 Pro,"1.800,00",1,1.0,OK,2025-08-27,,,
24005,Vidro e touchscreen iPad Mini 1/2 - Preto,ManutenÃ§Ã£o LCD/ Touch,iPad Mini,"400,00",1,1.0,OK,2025-08-27,,,
23968,Vidro e touchscreen com LCD iPad Mini 4 - Preto,ManutenÃ§Ã£o LCD/ Touch,iPad Mini,"800,00",1,1.0,OK,2025-08-27,,,
23963,Vidro e touchscreen com LCD iPad Mini 4 - Branco,ManutenÃ§Ã£o LCD/ Touch,iPad Mini,"800,00",1,1.0,OK,2025-08-27,,,
23965,Flex de Conector de Carga para iPhone X Cinza,ManutenÃ§Ã£o Conector,M. iPhone X,"300,00",1,1.0,OK,2025-08-27,,,
23967,Flex de Conector de Carga para iPhone X Preto,ManutenÃ§Ã£o Conector,M. iPhone X,"300,00",1,1.0,OK,2025-08-27,,,
27783,Tampa traseira de vidro para iPhone 16 Pro Max - TitÃ¢nio Preto,ManutenÃ§Ã£o CarcaÃ§a/Vidro Traseiro,M. iPhone 16 Pro Max,"1.800,00",1,1.0,OK,2025-08-27,,,
27784,Tampa traseira de vidro para iPhone 16 Pro Max - TitÃ¢nio Branco,ManutenÃ§Ã£o CarcaÃ§a/Vidro Traseiro,M. iPhone 16 Pro Max,"1.800,00",1,1.0,OK,2025-08-27,,,
27785,Tampa traseira de vidro para iPhone 16 Pro Max - TitÃ¢nio Natural,ManutenÃ§Ã£o CarcaÃ§a/Vidro Traseiro,M. iPhone 16 Pro Max,"1.800,00",1,1.0,OK,2025-08-27,,,
4312,CarcaÃ§a iPhone 5S - Cinza Espacial,ManutenÃ§Ã£o CarcaÃ§a/Vidro Traseiro,M. iPhone 5S,"200,00",1,1.0,OK,2025-08-27,,,
4725,CarcaÃ§a iPhone 6 - Prata,ManutenÃ§Ã£o CarcaÃ§a/Vidro Traseiro,M. iPhone 6,"150,00",1,1.0,OK,2025-08-27,,,
4726,CarcaÃ§a iPhone 6 - Cinza Espacial,ManutenÃ§Ã£o CarcaÃ§a/Vidro Traseiro,M. iPhone 6,"150,00",1,1.0,OK,2025-08-27,,,
4727,CarcaÃ§a iPhone 6 - Dourada,ManutenÃ§Ã£o CarcaÃ§a/Vidro Traseiro,M. iPhone 6,"150,00",1,1.0,OK,2025-08-27,,,
5049,CarcaÃ§a iPhone 6 Plus - Cinza Espacial,ManutenÃ§Ã£o CarcaÃ§a/Vidro Traseiro,M. iPhone 6 Plus,"150,00",1,1.0,OK,2025-08-27,,,
8520,CarcaÃ§a iPhone 6 Plus - Dourada,ManutenÃ§Ã£o CarcaÃ§a/Vidro Traseiro,M. iPhone 6 Plus,"150,00",1,1.0,OK,2025-08-27,,,
8521,CarcaÃ§a iPhone 6 Plus - Prata,ManutenÃ§Ã£o CarcaÃ§a/Vidro Traseiro,M. iPhone 6 Plus,"150,00",1,1.0,OK,2025-08-27,,,
5702,CarcaÃ§a iPhone 6S - Prata,ManutenÃ§Ã£o CarcaÃ§a/Vidro Traseiro,M. iPhone 6S,"150,00",1,1.0,OK,2025-08-27,,,
5704,CarcaÃ§a iPhone 6S - Cinza Espacial,ManutenÃ§Ã£o CarcaÃ§a/Vidro Traseiro,M. iPhone 6S,"150,00",1,1.0,OK,2025-08-27,,,
21309,CarcaÃ§a iPhone 6S Plus - Prata,ManutenÃ§Ã£o CarcaÃ§a/Vidro Traseiro,M. iPhone 6S Plus,"150,00",1,1.0,OK,2025-08-27,,,
26959,Bateria de iPhone 14 - Sem Flex,ManutenÃ§Ã£o Bateria,M. iPhone 14,"700,00",1,1.0,OK,2025-08-27,,,
26270,Bateria de iPhone 13 Pro Max,ManutenÃ§Ã£o Bateria,M. iPhone 13 Pro Max,"600,00",1,1.0,OK,2025-08-27,,,
26955,Bateria de iPhone 13 Pro Max - Sem Flex,ManutenÃ§Ã£o Bateria,M. iPhone 13 Pro Max,"600,00",2,2.0,OK,2025-08-27,,,
21311,CarcaÃ§a iPhone 6S Plus - Dourada,ManutenÃ§Ã£o CarcaÃ§a/Vidro Traseiro,M. iPhone 6S Plus,"150,00",1,1.0,OK,2025-08-27,,,
23924,LCD para iPad Mini 2/3,ManutenÃ§Ã£o LCD/ Touch,iPad Mini,"350,00",2,2.0,OK,2025-08-27,,,
23971,Motor de funÃ§ao vibratoria para iPhone X,ManutenÃ§Ã£o Vibra / Volume / Power,M. iPhone X,"300,00",1,,Divergente,2025-08-27,nÃ£o encontrei,,
23973,Speaker - iPhone X,ManutenÃ§Ã£o Speaker,M. iPhone X,"300,00",2,2.0,OK,2025-08-27,,,
23978,Flex da CÃ¢mera Frontal e Sensor para iPhone X,ManutenÃ§Ã£o CÃ¢mera,M. iPhone X,"300,00",2,2.0,OK,2025-08-27,,,
24438,Lente de vidro da CÃ¢mera Traseira para iPhone X - Preta,ManutenÃ§Ã£o CÃ¢mera,M. iPhone X,"200,00",3,3.0,OK,2025-08-27,,,
25378,Flex sensor / Alto falante - iPhone X,ManutenÃ§Ã£o Flex do Sensor,M. iPhone X,"300,00",2,2.0,OK,2025-08-27,,,
23997,CÃ¢mera Frontal e Sensor para iPhone XR,ManutenÃ§Ã£o CÃ¢mera,M. iPhone XR,"300,00",2,2.0,OK,2025-08-27,,,
23926,Vidro e touchscreen com LCD iPad Air 2 - Preto,ManutenÃ§Ã£o LCD/ Touch,iPad Air 2,"1.000,00",2,2.0,OK,2025-08-27,,,
23998,Vidro e touchscreen iPad Air - Preto,ManutenÃ§Ã£o LCD/ Touch,iPad Air,"300,00",2,2.0,OK,2025-08-27,,,
24001,Vidro e touchscreen iPad Air - Branco,ManutenÃ§Ã£o LCD/ Touch,iPad Air,"300,00",1,1.0,OK,2025-08-27,,,
24329,LCD para iPad Air/5,ManutenÃ§Ã£o LCD/ Touch,iPad Air,"600,00",1,1.0,OK,2025-08-27,,,
26269,Bateria de iPhone 13 Pro,ManutenÃ§Ã£o Bateria,M. iPhone 13 Pro,"600,00",1,1.0,OK,2025-08-27,,,
26954,Bateria de iPhone 13 Pro - Sem Flex,ManutenÃ§Ã£o Bateria,M. iPhone 13 Pro,"600,00",1,1.0,OK,2025-08-27,,,
26829,Bateria de iPhone 13 Mini,ManutenÃ§Ã£o Bateria,M. iPhone 13 Mini,"400,00",1,1.0,OK,2025-08-27,,,
25633,Vidro e touchscreen iPad 9 - Preto,ManutenÃ§Ã£o LCD/ Touch,iPad 9. Manut,"1.200,00",1,1.0,OK,2025-08-27,,,
25634,Vidro e touchscreen iPad 9 - Branco,ManutenÃ§Ã£o LCD/ Touch,iPad 9. Manut,"1.200,00",1,1.0,OK,2025-08-27,,,
24765,Vidro e touchscreen iPad 8 - Preto,ManutenÃ§Ã£o LCD/ Touch,iPad 8Â° Ger. 10.2,"1.000,00",1,1.0,OK,2025-08-27,,,
24768,Vidro e touchscreen iPad 8 - Branco,ManutenÃ§Ã£o LCD/ Touch,iPad 8Â° Ger. 10.2,"900,00",1,1.0,OK,2025-08-27,,,
26268,Bateria de iPhone 13,ManutenÃ§Ã£o Bateria,M. iPhone 13,"600,00",3,3.0,OK,2025-08-27,,,
24170,Vidro e touchscreen iPad 7 - Branco,ManutenÃ§Ã£o LCD/ Touch,iPad 7Â° Ger. 10.2p,"900,00",2,2.0,OK,2025-08-27,,,
24166,LCD para iPad 7,ManutenÃ§Ã£o LCD/ Touch,iPad 7Â° Ger. 10.2p,"1.000,00",1,1.0,OK,2025-08-27,,,
26953,Bateria de iPhone 13 - Sem Flex,ManutenÃ§Ã£o Bateria,M. iPhone 13,"600,00",1,1.0,OK,2025-08-27,,,
25373,Bateria de iPhone 12 Pro Max,ManutenÃ§Ã£o Bateria,M. iPhone 12 Pro Max,"500,00",3,3.0,OK,2025-08-27,,,
26951,Bateria de iPhone 12 Pro Max - Sem Flex,ManutenÃ§Ã£o Bateria,M. iPhone 12 Pro Max,"500,00",1,1.0,OK,2025-08-27,,,
26094,Bateria de iPhone 12 Mini,ManutenÃ§Ã£o Bateria,M. iPhone 12 Mini,"400,00",2,2.0,OK,2025-08-27,,,
26952,Bateria de iPhone 12 Mini - Sem Flex,ManutenÃ§Ã£o Bateria,M. iPhone 12 Mini,"400,00",1,1.0,OK,2025-08-27,,,
25368,Bateria de iPhone 12/12 Pro,ManutenÃ§Ã£o Bateria,M. iPhone 12,"500,00",3,4.0,Divergente,2025-08-27,Movimento nÃ£o recebido ,Sim,
26950,Bateria de iPhone 12/12 Pro - Sem flex,ManutenÃ§Ã£o Bateria,M. iPhone 12,"500,00",3,3.0,OK,2025-08-27,,,Recebi o movimento 6650860
24579,Bateria de iPhone 11 Pro Max,ManutenÃ§Ã£o Bateria,M. iPhone 11 Pro Max,"550,00",1,1.0,OK,2025-08-27,,,
26949,Bateria de iPhone 11 Pro Max - Sem Flex,ManutenÃ§Ã£o Bateria,M. iPhone 11 Pro Max,"550,00",2,2.0,OK,2025-08-27,,,
24534,Bateria de iPhone 11 Pro,ManutenÃ§Ã£o Bateria,M. iPhone 11 Pro,"550,00",2,2.0,OK,2025-08-27,,,
26948,Bateria de iPhone 11 Pro - Sem Flex,ManutenÃ§Ã£o Bateria,M. iPhone 11 Pro,"550,00",1,1.0,OK,2025-08-27,,,
24387,Bateria de iPhone 11,ManutenÃ§Ã£o Bateria,M. iPhone 11,"500,00",2,2.0,OK,2025-08-27,,,
26947,Bateria de iPhone 11 - Sem Flex,ManutenÃ§Ã£o Bateria,M. iPhone 11,"500,00",2,2.0,OK,2025-08-27,,,
21514,Bateria de iPad Mini,ManutenÃ§Ã£o Bateria,iPad Mini,"380,00",1,1.0,OK,2025-08-27,,,
21557,Bateria de iPad Mini 2,ManutenÃ§Ã£o Bateria,iPad Mini,"380,00",3,3.0,OK,2025-08-27,,,
24003,Vidro e touchscreen iPad 6 - Preto,ManutenÃ§Ã£o LCD/ Touch,Ipad 6,"500,00",3,3.0,OK,2025-08-27,,,
21691,Bateria de iPad Air 2,ManutenÃ§Ã£o Bateria,iPad Air 2,"380,00",1,1.0,OK,2025-08-27,,,
21312,CarcaÃ§a iPhone 6S Plus - Cinza Espacial,ManutenÃ§Ã£o CarcaÃ§a/Vidro Traseiro,M. iPhone 6S Plus,"150,00",1,1.0,OK,2025-08-27,,,
21458,CarcaÃ§a iPhone 7 - Prata,ManutenÃ§Ã£o CarcaÃ§a/Vidro Traseiro,M. iPhone 7,"200,00",1,1.0,OK,2025-08-27,,,
21462,CarcaÃ§a iPhone 7 - Dourada,ManutenÃ§Ã£o CarcaÃ§a/Vidro Traseiro,M. iPhone 7,"200,00",1,1.0,OK,2025-08-27,,,
21927,CarcaÃ§a iPhone 7 - Rose,ManutenÃ§Ã£o CarcaÃ§a/Vidro Traseiro,M. iPhone 7,"200,00",1,1.0,OK,2025-08-27,,,
21414,CarcaÃ§a iPhone 7 Plus - RosÃª,ManutenÃ§Ã£o CarcaÃ§a/Vidro Traseiro,M. iPhone 7 Plus,"200,00",1,1.0,OK,2025-08-27,,,
21464,CarcaÃ§a iPhone 7 Plus - Dourada,ManutenÃ§Ã£o CarcaÃ§a/Vidro Traseiro,M. iPhone 7 Plus,"200,00",1,1.0,OK,2025-08-27,,,
21467,CarcaÃ§a iPhone 7 Plus - Prata,ManutenÃ§Ã£o CarcaÃ§a/Vidro Traseiro,M. iPhone 7 Plus,"200,00",1,1.0,OK,2025-08-27,,,
23961,Tampa de vidro com lente traseira para iPhone 8 Branco,ManutenÃ§Ã£o CarcaÃ§a/Vidro Traseiro,M. iPhone 8,"200,00",1,1.0,OK,2025-08-27,,,
23964,Tampa de vidro com lente traseira para iPhone 8 Vermelho,ManutenÃ§Ã£o CarcaÃ§a/Vidro Traseiro,M. iPhone 8,"200,00",1,1.0,OK,2025-08-27,,,
23966,Tampa de vidro com lente traseira para iPhone 8 Dourado,ManutenÃ§Ã£o CarcaÃ§a/Vidro Traseiro,M. iPhone 8,"200,00",2,2.0,OK,2025-08-27,,,
24016,Aro com carcaÃ§a metalica para iPhone 8 Preto,ManutenÃ§Ã£o CarcaÃ§a/Vidro Traseiro,M. iPhone 8,"300,00",1,1.0,OK,2025-08-27,,,
24430,Aro com carcaÃ§a metÃ¡lica para iPhone 8 - Dourado,ManutenÃ§Ã£o CarcaÃ§a/Vidro Traseiro,M. iPhone 8,"300,00",1,1.0,OK,2025-08-27,,,
21583,Tampa Traseira iPhone 8 Plus - Branco,ManutenÃ§Ã£o CarcaÃ§a/Vidro Traseiro,M. iPhone 8 Plus,"300,00",2,2.0,OK,2025-08-27,,,
23977,Tampa de vidro com lente traseira para iPhone 8 Plus Vermelho,ManutenÃ§Ã£o CarcaÃ§a/Vidro Traseiro,M. iPhone 8 Plus,"300,00",1,1.0,OK,2025-08-27,,,
24030,Aro com carcaÃ§a metalica para iPhone 8 Plus Vermelho,ManutenÃ§Ã£o CarcaÃ§a/Vidro Traseiro,M. iPhone 8 Plus,"400,00",1,1.0,OK,2025-08-27,,,
24432,Tampa de vidro com lente traseira para iPhone 8 Plus - Preta,ManutenÃ§Ã£o CarcaÃ§a/Vidro Traseiro,M. iPhone 8 Plus,"300,00",1,1.0,OK,2025-08-27,,,
25260,Tampa Traseira iPhone SE 2 - Preto,ManutenÃ§Ã£o CarcaÃ§a/Vidro Traseiro,M. iPhone SE 2,"300,00",1,1.0,OK,2025-08-27,,,
25263,CarcaÃ§a Completa iPhone SE 2 - Preto,ManutenÃ§Ã£o CarcaÃ§a/Vidro Traseiro,M. iPhone SE 2,"500,00",1,1.0,OK,2025-08-27,,,
24327,Vidro e touchscreen iPad 5 - Preto,ManutenÃ§Ã£o LCD/ Touch,iPad 5,"450,00",1,1.0,OK,2025-08-27,,,
24328,Vidro e touchscreen iPad 5 - Branco,ManutenÃ§Ã£o LCD/ Touch,iPad 5,"450,00",1,1.0,OK,2025-08-27,,,
23996,Vidro e touchscreen iPad 3/4 Branco,ManutenÃ§Ã£o LCD/ Touch,iPad 3,"300,00",2,2.0,OK,2025-08-27,,,
24140,Flex conector de carga para iPhone XR Branco,ManutenÃ§Ã£o Conector,M. iPhone XR,"300,00",1,1.0,OK,2025-08-27,,,
24901,Flex sensor/ alto falante - iPhone XR,ManutenÃ§Ã£o Flex do Sensor,M. iPhone XR,"400,00",2,2.0,OK,2025-08-27,,,
25104,Lente de Vidro da CÃ¢mera iPhone XR - Avulsa,ManutenÃ§Ã£o CÃ¢mera,M. iPhone XR,"250,00",3,3.0,OK,2025-08-27,,,
23948,Flex da funÃ§Ã£o power para iPhone XS,ManutenÃ§Ã£o Vibra / Volume / Power,M. iPhone XS,"300,00",1,1.0,OK,2025-08-27,,,
23949,Flexivel da funÃ§Ã£o de ajuste de volume para iPhone XS,ManutenÃ§Ã£o Vibra / Volume / Power,M. iPhone XS,"300,00",1,1.0,OK,2025-08-27,,,
23950,Flex de Conector de Carga para iPhone XS Cinza,ManutenÃ§Ã£o Conector,M. iPhone XS,"300,00",2,2.0,OK,2025-08-27,,,
23951,Flex de Conector de Carga para iPhone XS Preto,ManutenÃ§Ã£o Conector,M. iPhone XS,"300,00",1,1.0,OK,2025-08-27,,,
23955,CÃ¢mera Frontal e Sensor para iPhone XS,ManutenÃ§Ã£o CÃ¢mera,M. iPhone XS,"250,00",3,3.0,OK,2025-08-27,,,
23956,CÃ¢mera Traseira para iPhone XS,ManutenÃ§Ã£o CÃ¢mera,M. iPhone XS,"400,00",2,2.0,OK,2025-08-27,,,
24899,Flex sensor/ alto falante - iPhone XS,ManutenÃ§Ã£o Flex do Sensor,M. iPhone XS,"300,00",3,3.0,OK,2025-08-27,,,
21513,Bateria de iPad Air 1 / iPad 5,ManutenÃ§Ã£o Bateria,iPad Air,"350,00",3,3.0,OK,2025-08-27,,,
23974,Tampa de vidro com lente traseira para iPhone X Branco,ManutenÃ§Ã£o CarcaÃ§a/Vidro Traseiro,M. iPhone X,"300,00",2,2.0,OK,2025-08-27,,,
23982,Tampa de vidro com lente traseira para iPhone X Preto,ManutenÃ§Ã£o CarcaÃ§a/Vidro Traseiro,M. iPhone X,"300,00",2,2.0,OK,2025-08-27,,,
24004,Aro com carcaÃ§a metalica para iPhone X Branco,ManutenÃ§Ã£o CarcaÃ§a/Vidro Traseiro,M. iPhone X,"400,00",1,1.0,OK,2025-08-27,,,
22667,Tampa Traseira iPhone XR - Branca,ManutenÃ§Ã£o CarcaÃ§a/Vidro Traseiro,M. iPhone XR,"0,00",1,0.0,Divergente,2025-08-27,Codigo antigo ,,
23003,Tampa Traseira iPhone XR - Coral,ManutenÃ§Ã£o CarcaÃ§a/Vidro Traseiro,M. iPhone XR,"400,00",1,1.0,OK,2025-08-27,,,
23990,Tampa de vidro com lente traseira para iPhone XR Preto,ManutenÃ§Ã£o CarcaÃ§a/Vidro Traseiro,M. iPhone XR,"400,00",1,1.0,OK,2025-08-27,,,
23934,Flex de Conector de Carga para iPhone XS Max Preto,ManutenÃ§Ã£o Conector,M. iPhone XS Max,"400,00",1,1.0,OK,2025-08-27,,,
24900,Bateria de iPad 7,ManutenÃ§Ã£o Bateria,iPad 7Â° Ger. 10.2p,"500,00",1,1.0,OK,2025-08-27,,,
24204,Bateria de iPad 6,ManutenÃ§Ã£o Bateria,Ipad 6,"450,00",1,1.0,OK,2025-08-27,,,
21511,Bateria de iPad 3/4,ManutenÃ§Ã£o Bateria,iPad 3,"300,00",3,2.0,Divergente,2025-08-27,Falta - 10404864,,
21510,Bateria de iPad 2,ManutenÃ§Ã£o Bateria,iPad 2,"200,00",2,2.0,OK,2025-08-27,,,
23993,Vidro e touchscreen iPad 3/4 - Preto,ManutenÃ§Ã£o LCD/ Touch,iPad 3,"300,00",2,2.0,OK,2025-08-27,,,
24590,Flex de Conector de Carga para iPhone XS Max Cinza,ManutenÃ§Ã£o Conector,M. iPhone XS Max,"400,00",1,1.0,OK,2025-08-27,,,
23983,LCD para iPad 3/4,ManutenÃ§Ã£o LCD/ Touch,iPad 3,"300,00",2,2.0,OK,2025-08-27,,,
23980,Vidro e touchscreen iPad 2 - Branco,ManutenÃ§Ã£o LCD/ Touch,iPad 2,"250,00",3,3.0,OK,2025-08-27,,,
23994,Tampa de vidro com lente traseira para iPhone XR Branco,ManutenÃ§Ã£o CarcaÃ§a/Vidro Traseiro,M. iPhone XR,"400,00",1,1.0,OK,2025-08-27,,,
24123,Tampa de vidro com lente traseira para iPhone XR - Vermelho,ManutenÃ§Ã£o CarcaÃ§a/Vidro Traseiro,M. iPhone XR,"400,00",1,1.0,OK,2025-08-27,,,
24125,Tampa de vidro com lente traseira para iPhone XR - Amarelo,ManutenÃ§Ã£o CarcaÃ§a/Vidro Traseiro,M. iPhone XR,"400,00",1,1.0,OK,2025-08-27,,,
23944,Tampa de vidro com lente traseira para iPhone XS Max - Branco,ManutenÃ§Ã£o CarcaÃ§a/Vidro Traseiro,M. iPhone XS Max,"400,00",1,1.0,OK,2025-08-27,,,
23946,Tampa de vidro com lente traseira para iPhone XS Max - Preto,ManutenÃ§Ã£o CarcaÃ§a/Vidro Traseiro,M. iPhone XS Max,"400,00",1,1.0,OK,2025-08-27,,,
24021,Aro com carcaÃ§a metalica para iPhone XS Max - Preto,ManutenÃ§Ã£o CarcaÃ§a/Vidro Traseiro,M. iPhone XS Max,"500,00",1,1.0,OK,2025-08-27,,,
24024,Aro com carcaÃ§a metalica para iPhone XS Max - Dourado,ManutenÃ§Ã£o CarcaÃ§a/Vidro Traseiro,M. iPhone XS Max,"500,00",1,1.0,OK,2025-08-27,,,
24117,Tampa de vidro com lente traseira para iPhone XS Max - Dourado,ManutenÃ§Ã£o CarcaÃ§a/Vidro Traseiro,M. iPhone XS Max,"400,00",1,1.0,OK,2025-08-27,,,
24169,LCD para iPad 2,ManutenÃ§Ã£o LCD/ Touch,iPad 2,"350,00",1,1.0,OK,2025-08-27,,,
27551,Vidro e touchscreen 10th Generation 2022 A2696 10.9Â -Â Preto,ManutenÃ§Ã£o LCD/ Touch,iPad 10Â° Ger. 10.9,"1.500,00",1,1.0,OK,2025-08-27,,,
25370,Flex Sensor / Alto falante - iPhone XS Max,ManutenÃ§Ã£o Flex do Sensor,M. iPhone XS Max,"400,00",2,2.0,OK,2025-08-27,,,

